ts_ms,l_knee,r_knee,l_hip,r_hip,symmetry,l_phase,r_phase,squat_phase,l_compress,r_compress,infer_ms
28461.3,178.599,171.349,-1,-1,4.1435,STANDING,STANDING,STANDING,0.0178824,0.035408,73.5562
28566,177.553,172.582,-1,-1,2.83941,STANDING,STANDING,STANDING,0.0158585,0.0457972,76.381
28662.8,176.029,171.978,-1,-1,2.32807,STANDING,STANDING,STANDING,0.0349042,0.0381349,73.8342
28765.9,178.108,172.185,-1,-1,3.38138,STANDING,STANDING,STANDING,0.0170658,0.030436,77.1788
28863.2,176.805,173.725,-1,-1,1.75763,STANDING,STANDING,STANDING,0.00600708,0.00514966,74.623
28968.4,178.452,171.293,-1,-1,4.09398,STANDING,STANDING,STANDING,0.0166795,0.039335,79.9059
29063.6,179.377,169.857,-1,-1,5.45185,STANDING,STANDING,STANDING,0.049154,0.0481495,75.6175
29162.5,177.787,170.762,-1,-1,4.03091,STANDING,STANDING,STANDING,0.00993574,0.0670042,74.1966
29266,177.478,172.509,-1,-1,2.8392,STANDING,STANDING,STANDING,0,0.0302842,76.5382
29362.7,179.277,173.16,-1,-1,3.47118,STANDING,STANDING,STANDING,0,0.032607,73.9416
29462.6,178.515,174.33,-1,-1,2.37227,STANDING,STANDING,STANDING,0,0.0582818,76.0062
29567.7,179.055,175.101,-1,-1,2.23325,STANDING,STANDING,STANDING,0,0.0559427,79.6165
29660.5,173.736,176.895,-1,-1,116.714,STANDING,STANDING,STANDING,0.0331623,0.12611,73.4851
29764.5,178.247,174.493,-1,-1,2.12849,STANDING,STANDING,STANDING,0.00079149,0.0665464,76.3551
29865,174.531,176.864,-1,-1,1.32774,STANDING,STANDING,STANDING,0,0.038682,76.8904
29968.5,176.664,174.852,-1,-1,1.03133,STANDING,STANDING,STANDING,0,0,79.6415
30063.9,167.948,168.105,-1,-1,0.0938722,STANDING,STANDING,STANDING,0,0,75.8938
30162.6,164.027,166.653,-1,-1,1.58835,STANDING,STANDING,STANDING,0,0,75.3886
30263,170.574,167.29,-1,-1,1.94407,STANDING,STANDING,STANDING,0,0,76.7212
30362.4,173.451,178.094,-1,-1,2.64102,STANDING,STANDING,STANDING,0,0,74.6842
30465.3,172.429,177.102,-1,-1,2.67402,STANDING,STANDING,STANDING,0,0,77.3222
30560.1,175.824,174.971,-1,-1,0.486583,STANDING,STANDING,STANDING,0.0299193,0,73.667
30664.9,168.507,164.341,-1,-1,2.50342,STANDING,STANDING,STANDING,0,0.0207241,75.9033
30762.5,169.424,171.368,-1,-1,1.14062,STANDING,STANDING,STANDING,0,0,74.2492
30864.4,173.514,176.998,-1,-1,1.98832,STANDING,STANDING,STANDING,0,0,76.7332
30966.5,167.416,172.879,-1,-1,3.21094,STANDING,STANDING,STANDING,0,0,78.8178
31065.4,166.79,168.798,-1,-1,1.19636,STANDING,STANDING,STANDING,0,0,78.2895
31166.6,179.028,175.908,-1,-1,1.75796,STANDING,STANDING,STANDING,0,0,79.0868
31260.6,176.951,176.839,-1,-1,0.0634522,STANDING,STANDING,STANDING,0,0.0194302,74.5157
31368,179.478,179.703,-1,-1,0.125161,STANDING,STANDING,STANDING,0,0.0544201,80.6128
31463.8,175.16,179.596,-1,-1,2.50087,STANDING,STANDING,STANDING,0,0.0108942,76.3923
31562.3,170.004,179.794,-1,-1,5.59795,STANDING,STANDING,STANDING,0,0,74.9038
31662.3,172.174,175.762,-1,-1,2.06211,STANDING,STANDING,STANDING,0,0,74.9413
31765,167.65,175.177,-1,-1,4.39101,STANDING,STANDING,STANDING,0,0,77.8091
31862,174.314,178.56,-1,-1,2.40638,STANDING,STANDING,STANDING,0,0,75.0319
31962.9,174.158,176.39,-1,-1,82.67,STANDING,STANDING,STANDING,0.0436119,0.105071,75.839
32068.6,177.987,179.635,-1,-1,0.921682,STANDING,STANDING,STANDING,0.0553706,0.00421768,80.3183
32160.4,170.861,168.278,-1,-1,61.948,STANDING,STANDING,STANDING,0.0616704,0.117018,73.7536
32264.3,171.106,175.132,-1,-1,2.32532,STANDING,STANDING,STANDING,0.000266314,0,77.0647
32367.2,172.805,175.437,-1,-1,2.05632,STANDING,STANDING,STANDING,0.0728666,0.0713835,80.1382
32460.3,174.315,175.445,-1,-1,5.77518,SEMI_SQUAT,SEMI_SQUAT,SEMI_SQUAT,0.109472,0.103327,73.6615
32563.8,172.323,179.502,-1,-1,4.08126,STANDING,STANDING,STANDING,0.027756,0,76.8625
32663.7,176.606,177.855,-1,-1,0.70466,STANDING,STANDING,STANDING,0,0,76.736
32765.3,178.704,178.629,-1,-1,20.115,DEEP_SQUAT,DEEP_SQUAT,DEEP_SQUAT,0.247009,0.302251,77.6505
32860.9,171.362,176.054,-1,-1,2.70103,STANDING,STANDING,STANDING,0,0,73.933
32962.2,179.479,178.292,-1,-1,0.663619,STANDING,STANDING,STANDING,0,0,75.3426
33065.9,178.539,171.881,-1,-1,3.80025,STANDING,STANDING,STANDING,0,0,79.3379
33164.9,173.163,167.638,-1,-1,3.24233,STANDING,STANDING,STANDING,0,0,78.8473
33263.7,178.1,177.15,-1,-1,0.534515,STANDING,STANDING,STANDING,0,0,77.1948
33359.9,175.927,176.011,-1,-1,0.0476834,STANDING,STANDING,STANDING,0,0,73.4997
33466.1,174.848,177.391,-1,-1,1.44398,STANDING,STANDING,STANDING,0,0,78.5904
33560.7,179.033,172.518,-1,-1,3.70636,STANDING,STANDING,STANDING,0,0,73.724
33666.2,170.636,157.577,-1,-1,7.95792,STANDING,STANDING,STANDING,0,0,80.0554
33760.2,148.65,154.966,-1,-1,4.16078,STANDING,STANDING,STANDING,0,0,74.1182
33863.1,166.711,173.307,-1,-1,3.8799,STANDING,STANDING,STANDING,0,0,76.619
33965.5,174.156,169.467,-1,-1,2.72904,STANDING,STANDING,STANDING,0,0,79.0851
34060.2,171.973,170.543,-1,-1,0.834743,STANDING,STANDING,STANDING,0,0,73.7833
34162.1,162.852,165.967,-1,-1,1.89505,STANDING,STANDING,STANDING,0,0,76.2375
34263.2,161.754,170.57,-1,-1,5.30563,STANDING,STANDING,STANDING,0,0,76.3954
34362.7,168.651,172.054,-1,-1,1.99743,STANDING,STANDING,STANDING,0,0,78.0999
34461.6,169.78,176.305,-1,-1,3.7711,STANDING,STANDING,STANDING,0,0,76.9057
34564.9,164.635,177.862,-1,-1,7.72343,STANDING,STANDING,STANDING,0,0,80.1657
34663.4,178.67,174.347,-1,-1,2.4491,STANDING,STANDING,STANDING,0,0,77.3951
34763.5,179.632,172.876,-1,-1,3.83313,STANDING,STANDING,STANDING,0,0,77.6965
34865.3,175.987,178.571,-1,-1,1.45754,STANDING,STANDING,STANDING,0,0,78.4614
34960.2,177.563,174.741,-1,-1,1.6023,STANDING,STANDING,STANDING,0,0,73.9903
35064.3,171.856,179.768,-1,-1,4.50033,STANDING,STANDING,STANDING,0,0,78.5565
35164.4,177.626,169.456,-1,-1,4.70814,STANDING,STANDING,STANDING,0,0,80.348
35260.9,176.143,174.002,-1,-1,1.22307,STANDING,STANDING,STANDING,0,0,75.279
35364.8,173.665,170.496,-1,-1,1.84157,STANDING,STANDING,STANDING,0,0,79.3128
35461.7,174.727,167.828,-1,-1,4.02806,STANDING,STANDING,STANDING,0,0.0207602,77.4556
35566.6,174.707,179.872,-1,-1,2.91315,STANDING,STANDING,STANDING,0,0.0237733,80.0777
35659.8,172.706,172.567,-1,-1,0.0804762,STANDING,STANDING,STANDING,0.0189457,0.0430799,74.141
35765.8,171.88,173.362,-1,-1,0.85864,STANDING,STANDING,STANDING,0,0.0337789,79.9831
35865.7,169.774,167.686,-1,-1,1.23761,STANDING,STANDING,STANDING,0,0.00373602,80.8248
35965.4,161.537,158.288,-1,-1,2.0317,STANDING,STANDING,STANDING,0,0,80.5154
36062.8,170.452,167.601,-1,-1,1.68698,STANDING,STANDING,STANDING,0,0,77.4896
36162.9,168.772,176.911,-1,-1,4.70854,STANDING,STANDING,STANDING,0,0,79.2629
36263.2,175.77,177.676,-1,-1,1.07865,STANDING,STANDING,STANDING,0,0,76.7655
36360.2,168.207,171.417,-1,-1,1.89011,STANDING,STANDING,STANDING,0,0,74.29
36461.4,167.939,165.251,-1,-1,1.61332,STANDING,STANDING,STANDING,0,0,76.1285
36558.6,167.564,167.219,170.927,-1,0.205703,STANDING,STANDING,STANDING,0,0.0611601,74.4462
36662.7,172.558,178.05,-1,-1,3.13273,STANDING,STANDING,STANDING,0,0.049201,77.3735
36760.4,171.656,177.413,-1,-1,3.29845,STANDING,STANDING,STANDING,0,0,75.4216
36863.8,176.255,177.925,-1,-1,0.943453,STANDING,STANDING,STANDING,0,0,80.1553
36963.5,168.626,178.198,-1,-1,5.51936,STANDING,STANDING,STANDING,0,0,77.5072
37062,166.575,178.496,-1,-1,6.90937,STANDING,STANDING,STANDING,0,0,76.3132
37159.1,169.044,177.702,-1,-1,4.9939,STANDING,STANDING,STANDING,0,0,75.9204
37260.9,166.585,176.31,-1,-1,5.67223,STANDING,STANDING,STANDING,0,0.0352519,75.8172
37365.9,168.278,179.929,-1,-1,6.6917,STANDING,STANDING,STANDING,0,0,80.7684
37459.4,152.63,159.74,-1,-1,131.872,STANDING,STANDING,STANDING,0.0206817,0.10075,75.2162
37563.4,148.345,151.799,-1,-1,2.30189,STANDING,STANDING,STANDING,0,0,78.6844
37660.5,160.771,161.798,-1,-1,0.636464,STANDING,STANDING,STANDING,0,0,74.7812
37760.6,171.084,176.904,-1,-1,3.34496,STANDING,STANDING,STANDING,0,0,75.0124
37860.2,178.199,179.842,-1,-1,0.917536,STANDING,STANDING,STANDING,0.0250251,0,75.2415
37964.4,169.876,178.965,-1,-1,5.21123,STANDING,STANDING,STANDING,0.00172907,0.0610065,79.7045
38062,164.109,179.525,-1,-1,94.6577,STANDING,STANDING,STANDING,0.0514688,0.143968,77.3335
38162.4,168.026,176.612,-1,-1,4.98251,STANDING,STANDING,STANDING,0,0.0880651,79.5739
38261.1,173.359,172.561,-1,-1,0.46154,STANDING,STANDING,STANDING,0,0.0679445,76.6127
38364.7,-1,-1,-1,-1,-1,N/A,N/A,STANDING,0,0,79.1245
38462,-1,-1,-1,-1,-1,N/A,N/A,STANDING,0,0,77.4258
38562.6,176.997,177.663,-1,-1,0.375571,STANDING,STANDING,STANDING,0.0234604,0,78.1609
38659.8,173.485,178.528,-1,-1,2.86522,STANDING,STANDING,STANDING,0,0,75.3488
38762,177.915,177.527,-1,-1,66.5985,STANDING,STANDING,STANDING,0.0455744,0.0910798,77.6694
38862.2,172.111,170.75,-1,-1,8.22308,SEMI_SQUAT,SEMI_SQUAT,SEMI_SQUAT,0.10986,0.119281,77.5105
38961.9,178.883,176.678,-1,-1,4.56068,SEMI_SQUAT,SEMI_SQUAT,SEMI_SQUAT,0.157981,0.165355,78.2925
39062.4,170.367,175.293,-1,-1,20.4646,SEMI_SQUAT,SEMI_SQUAT,SEMI_SQUAT,0.172674,0.140617,76.9807
39158.9,169.037,179.796,-1,-1,20.0857,SEMI_SQUAT,SEMI_SQUAT,SEMI_SQUAT,0.199309,0.16293,75.7334
39264.8,174.943,175.442,-1,-1,12.2439,SEMI_SQUAT,SEMI_SQUAT,SEMI_SQUAT,0.181852,0.20557,80.4516
39356.4,172.917,171.609,-1,-1,12.2509,SEMI_SQUAT,SEMI_SQUAT,SEMI_SQUAT,0.150206,0.132867,73.3353
39461.3,170.691,172.572,-1,-1,61.8399,SEMI_SQUAT,SEMI_SQUAT,SEMI_SQUAT,0.146742,0.0774282,77.1606
39563.8,175.916,174.299,-1,-1,37.5795,SEMI_SQUAT,SEMI_SQUAT,SEMI_SQUAT,0.178111,0.121765,79.7822
39657.4,179.878,177.71,-1,-1,1.21286,STANDING,STANDING,STANDING,0.0462458,0,73.9577
39760.4,178.974,176.814,-1,-1,1.21427,STANDING,STANDING,STANDING,0.0381491,0.0069741,75.4065
39858.6,174.258,169.851,-1,-1,2.56156,STANDING,STANDING,STANDING,0.0249242,0,74.3651
39961.1,178.068,174.067,-1,-1,199.997,STANDING,STANDING,STANDING,0.133307,0,77.4795
40058.1,-1,176.691,-1,-1,-1,N/A,STANDING,STANDING,0,0,74.3222
40162.7,177.365,176.879,-1,-1,0.274408,STANDING,STANDING,STANDING,0,0,80.5739
40258.9,-1,163.509,-1,-1,-1,N/A,STANDING,STANDING,0,0,75.0922
40358.5,-1,165.778,-1,-1,-1,N/A,STANDING,STANDING,0,0,74.8241
40461.5,177.907,171.284,-1,-1,3.79343,STANDING,STANDING,STANDING,0,0,76.7385
40558.7,160.94,162.518,-1,-1,0.975644,STANDING,STANDING,STANDING,0,0,74.448
40662.9,158.141,147.029,-1,-1,7.28231,STANDING,STANDING,STANDING,0.0310673,0.0550933,80.102
40757.2,158.473,157.712,-1,-1,0.480902,STANDING,STANDING,STANDING,0.0354539,0.0505948,74.1592
40862.9,159.843,159.923,-1,-1,0.0497133,STANDING,STANDING,STANDING,0.0161403,0,79.5158
40963.6,164.698,168.863,-1,-1,2.49733,STANDING,STANDING,STANDING,0,0,80.7715
41059.1,167.051,172.665,-1,-1,3.3049,STANDING,STANDING,STANDING,0.0232968,0,76.0707
41158.2,170.063,173.196,-1,-1,1.82523,STANDING,STANDING,STANDING,0,0,74.8405
41259.3,179.072,178.592,-1,-1,0.268662,STANDING,STANDING,STANDING,0,0,75.0559
41360.9,165.438,178.209,-1,-1,199.996,STANDING,STANDING,STANDING,0.111224,0,77.6772
41456.2,166.44,179.584,-1,-1,72.7789,SEMI_SQUAT,SEMI_SQUAT,SEMI_SQUAT,0.153519,0.0715992,73.8778
41563.6,176.958,174.823,-1,-1,35.6092,STANDING,STANDING,STANDING,0.0701426,0.0489401,80.2972
41659.7,172.382,176.91,-1,-1,54.4733,STANDING,STANDING,STANDING,0.0857911,0.0490613,78.07
41760.2,173.455,179.317,-1,-1,3.32323,STANDING,STANDING,STANDING,0.0471294,0.0262628,77.4668
41861,174.083,179.356,-1,-1,5.31957,STANDING,STANDING,STANDING,0.0724621,0.0687073,76.6666
41957.9,177.455,170.281,-1,-1,55.3271,STANDING,STANDING,STANDING,0.0850741,0.0482041,74.2262
42063,176.418,175.398,-1,-1,0.422862,STANDING,STANDING,STANDING,0.0842991,0.0839434,80.2025
42161.9,179.743,172.267,-1,-1,25.8855,STANDING,STANDING,STANDING,0.0778974,0.10106,79.671
42259.4,179.876,173.078,-1,-1,29.0449,SEMI_SQUAT,SEMI_SQUAT,SEMI_SQUAT,0.101715,0.136278,77.983
42362,178.196,173.432,-1,-1,34.6823,STANDING,STANDING,STANDING,0.0674516,0.0957536,79.105
42457.4,178.305,178.713,-1,-1,54.3329,STANDING,STANDING,STANDING,0.0474092,0.0827767,75.0238
42564,172.168,175.444,-1,-1,1.88495,STANDING,STANDING,STANDING,0,0,80.1628
42660.2,164.441,161.896,-1,-1,1.55961,STANDING,STANDING,STANDING,0,0.0420094,77.9514
42761.5,166.545,170.395,-1,-1,2.28526,STANDING,STANDING,STANDING,0,0.0249771,79.3149
42860.2,166.341,165.265,-1,-1,16.782,SEMI_SQUAT,SEMI_SQUAT,SEMI_SQUAT,0.136024,0.160943,77.5436
42961.1,171.298,175.508,-1,-1,32.312,SEMI_SQUAT,SEMI_SQUAT,SEMI_SQUAT,0.111484,0.154448,78.7406
43061.3,168.561,171.055,-1,-1,1.46896,STANDING,STANDING,STANDING,0,0.0355959,79.0599
43157,168.909,174.516,-1,-1,3.26563,STANDING,STANDING,STANDING,0,0.0568015,74.9516
43262.9,170.423,169.53,-1,-1,0.525432,STANDING,STANDING,STANDING,0.0188256,0.0276549,80.865
43355.7,170.234,172.564,-1,-1,131.284,STANDING,STANDING,STANDING,0.0216523,0.104391,73.4285
43461.5,172.961,173.638,-1,-1,0.390628,STANDING,STANDING,STANDING,0,0,79.328
43555.9,172.78,176.453,-1,-1,2.10337,STANDING,STANDING,STANDING,0,0.0866382,73.901
43659.8,174.041,175.173,-1,-1,0.648726,STANDING,STANDING,STANDING,0,0,77.2577
43757.7,175.165,177.871,-1,-1,1.53303,STANDING,STANDING,STANDING,0,0.0134943,75.9166
43856.6,173.907,178.277,-1,-1,2.48176,STANDING,STANDING,STANDING,0.00979316,0.0411347,75.9215
43962.8,179.273,175.676,-1,-1,3.07024,STANDING,STANDING,STANDING,0.0930343,0.0902211,79.7307
44055.4,175.803,177.492,-1,-1,0.956527,STANDING,STANDING,STANDING,0.0322109,0.0641993,73.5647
44157.1,177.521,177.176,-1,-1,9.5644,SEMI_SQUAT,SEMI_SQUAT,SEMI_SQUAT,0.102473,0.112766,75.4437
44256.5,178.479,177.521,-1,-1,6.42085,STANDING,STANDING,STANDING,0.0960644,0.102437,74.9318
44362.5,178.503,179.5,-1,-1,14.5822,STANDING,STANDING,STANDING,0.0536568,0.0463641,80.3565
44461,173.15,175.564,-1,-1,28.3294,STANDING,STANDING,STANDING,0.0731597,0.097306,79.9588
44562.6,172.018,179.907,-1,-1,9.7738,SEMI_SQUAT,SEMI_SQUAT,SEMI_SQUAT,0.11552,0.127391,82.1021
44658.6,172.273,170.606,-1,-1,29.5441,SEMI_SQUAT,SEMI_SQUAT,SEMI_SQUAT,0.130838,0.176193,77.2165
44760.2,170.457,175.022,-1,-1,2.9576,SEMI_SQUAT,SEMI_SQUAT,SEMI_SQUAT,0.20093,0.206961,78.8937
44856.1,170.628,169.526,-1,-1,28.2101,STANDING,STANDING,STANDING,0.0738295,0.0555764,74.694
44962.9,172.508,169.224,-1,-1,41.7016,STANDING,STANDING,STANDING,0.103062,0.0674984,81.2817
45057.2,178.782,178.422,-1,-1,167.66,STANDING,STANDING,STANDING,0.132503,0.0116541,76.566
45162.4,179.184,177.627,-1,-1,0.872914,STANDING,STANDING,STANDING,0.0781204,0.0198416,81.0159
45255.8,176.625,174.675,-1,-1,1.11007,STANDING,STANDING,STANDING,0.0462446,0,75.2623
45361.5,175.64,176.995,-1,-1,199.997,STANDING,STANDING,STANDING,0.114886,0,80.2154
45458.2,162.78,166.209,-1,-1,2.08428,STANDING,STANDING,STANDING,0.0190622,0,77.3751
45556.8,178.231,172.8,-1,-1,3.09412,STANDING,STANDING,STANDING,0,0,75.4642
45661.5,176.231,169.091,-1,-1,4.13548,STANDING,STANDING,STANDING,0,0,80.3426
45757.6,170.222,165.503,-1,-1,2.81162,STANDING,STANDING,STANDING,0,0,76.6859
45859.1,175.308,171.57,-1,-1,2.1547,STANDING,STANDING,STANDING,0,0,77.9478
45960.5,163.651,167.388,-1,-1,2.25769,STANDING,STANDING,STANDING,0,0,79.8369
46063.7,165.811,155.636,-1,-1,6.33066,STANDING,STANDING,STANDING,0,0,81.9101
46154.9,171.409,161.544,-1,-1,5.92584,STANDING,STANDING,STANDING,0,0,74.037
46263.4,156.674,155.828,-1,-1,0.541384,STANDING,STANDING,STANDING,0,0,82.3483
46362.1,159.519,160.908,-1,-1,0.866945,STANDING,STANDING,STANDING,0,0,81.7902
46461.9,173.84,172.083,-1,-1,1.01587,STANDING,STANDING,STANDING,0,0,82.0222
46562.8,176.218,178.706,-1,-1,1.40194,STANDING,STANDING,STANDING,0,0,82.6737
46658.5,175.111,174.259,-1,-1,0.487468,STANDING,STANDING,STANDING,0,0,78.4499
46762.6,168.795,170.291,-1,-1,0.881896,STANDING,STANDING,STANDING,0.0453359,0,80.8956
46858,164.925,165.707,-1,-1,199.996,STANDING,STANDING,STANDING,0.105416,0,77.4751
46959.5,158.07,163.834,-1,-1,199.997,STANDING,STANDING,STANDING,0.136022,0,78.8407
47059.5,161.609,161.316,-1,-1,0.181608,STANDING,STANDING,STANDING,0.00490212,0,78.6866
47160.7,167.376,168.065,-1,-1,0.410599,STANDING,STANDING,STANDING,0,0,80.4498
47255.6,-1,168.141,-1,-1,-1,N/A,STANDING,STANDING,0,0,75.2537
47354.5,171.09,168.371,-1,-1,1.60185,STANDING,STANDING,STANDING,0.0295101,0,74.0563
47455.8,163.95,160.211,-1,-1,2.30723,STANDING,STANDING,STANDING,0.021459,0,74.7936
47554,162.826,168.157,-1,-1,3.22147,STANDING,STANDING,STANDING,0,0,74.3767
47658.1,168,170.893,-1,-1,1.70719,STANDING,STANDING,STANDING,0,0,77.4529
47759.7,169.351,179.763,-1,-1,56.0032,SEMI_SQUAT,SEMI_SQUAT,SEMI_SQUAT,0.161705,0.0909557,79.0117
47854.1,172.019,177.699,-1,-1,3.24834,STANDING,STANDING,STANDING,0.0306438,0,73.8101
47960.8,169.802,174.566,-1,-1,2.76704,STANDING,STANDING,STANDING,0.0594249,0,80.4329
48055.6,173.158,170.942,-1,-1,24.0892,STANDING,STANDING,STANDING,0.0910531,0.0714768,75.6007
48162.9,177.625,171.01,-1,-1,3.79481,STANDING,STANDING,STANDING,0.0356467,0.00510263,81.6679
48258.1,178.336,177.766,-1,-1,0.320111,STANDING,STANDING,STANDING,0.0366942,0.0301669,78.2793
48355.1,179.388,174.584,-1,-1,145.797,STANDING,STANDING,STANDING,0.0974307,0.0152712,75.285
48460.1,174.826,174.98,-1,-1,11.8854,SEMI_SQUAT,SEMI_SQUAT,SEMI_SQUAT,0.177496,0.157583,80.0626
48558.5,168.511,170.409,-1,-1,1.11992,STANDING,STANDING,STANDING,0,0.0546845,78.776
48661.6,174.156,176.764,-1,-1,1.48673,STANDING,STANDING,STANDING,0,0.0941328,81.618
48753.8,172,167.91,-1,-1,199.997,STANDING,STANDING,STANDING,0,0.130477,74.4837
48860.7,169.327,165.591,-1,-1,2.23107,STANDING,STANDING,STANDING,0,0.0912558,79.3632
48956,-1,-1,-1,-1,-1,N/A,N/A,STANDING,0,0,75.8325
49060.6,-1,-1,-1,-1,-1,N/A,N/A,STANDING,0,0,80.4798
49159.5,168.514,167.716,-1,-1,0.474606,STANDING,STANDING,STANDING,0,0,80.0697
49254,-1,-1,-1,-1,-1,N/A,N/A,STANDING,0,0,74.0149
49360.4,163.275,178.968,-1,-1,9.17099,STANDING,STANDING,STANDING,0,0.0456244,80.6062
49454.4,164.055,177.203,-1,-1,7.70575,STANDING,STANDING,STANDING,0,0,75.3629
49561.4,168.815,169.652,-1,-1,0.494325,STANDING,STANDING,STANDING,0,0,80.8785
49652.6,162.27,162.004,-1,-1,3.87463,STANDING,STANDING,STANDING,0.0659836,0.0685908,73.7108
49758.6,165.486,166.817,-1,-1,0.800971,STANDING,STANDING,STANDING,0,0.0124682,78.9139
49854.7,175.525,179.506,-1,-1,2.24296,STANDING,STANDING,STANDING,0,0,75.58
49958.4,167.49,178.662,-1,-1,1.64656,SEMI_SQUAT,SEMI_SQUAT,SEMI_SQUAT,0.109075,0.107294,80.251
50054.9,171.522,172.285,-1,-1,0.443908,STANDING,STANDING,STANDING,0.0173066,0.0530627,76.6397
50155.7,174.956,171.924,-1,-1,1.74818,STANDING,STANDING,STANDING,0.00431794,0.0752113,76.0765
50259.1,165.909,172.127,-1,-1,62.6327,SEMI_SQUAT,SEMI_SQUAT,SEMI_SQUAT,0.123543,0.236204,78.4004
50354.7,-1,-1,-1,-1,-1,N/A,N/A,STANDING,0,0,75.2752
50455.9,174.529,171.913,-1,-1,1.51018,STANDING,STANDING,STANDING,0,0.0363974,76.3953
50558,173.114,173.345,-1,-1,69.2392,STANDING,STANDING,STANDING,0.0342494,0.0705213,78.5785
50655.2,178.901,178.053,-1,-1,42.5492,STANDING,STANDING,STANDING,0.118325,0.0768102,76.018
50755.4,-1,176.3,-1,-1,-1,N/A,STANDING,STANDING,0,0,76.0452
50857.2,172.16,174.117,-1,-1,1.1299,STANDING,STANDING,STANDING,0,0,77.6794
50958,176.665,177.833,-1,-1,13.6328,SEMI_SQUAT,SEMI_SQUAT,SEMI_SQUAT,0.114837,0.131638,77.7889
51056.1,164.708,167.832,-1,-1,25.2693,SEMI_SQUAT,SEMI_SQUAT,SEMI_SQUAT,0.148384,0.191302,76.3337
51157.7,163.549,168.185,-1,-1,27.0191,SEMI_SQUAT,SEMI_SQUAT,SEMI_SQUAT,0.139642,0.183266,78.5121
51259,166.621,166.167,-1,-1,21.6947,SEMI_SQUAT,SEMI_SQUAT,SEMI_SQUAT,0.137004,0.170343,79.9753
51351.6,173.442,172.106,-1,-1,0.841211,SEMI_SQUAT,SEMI_SQUAT,SEMI_SQUAT,0.175934,0.17446,73.2448
51455.9,172.521,173.721,-1,-1,4.29354,SEMI_SQUAT,SEMI_SQUAT,SEMI_SQUAT,0.196418,0.205037,76.9474
51558.7,175.278,178.116,-1,-1,0.0784842,SEMI_SQUAT,SEMI_SQUAT,SEMI_SQUAT,0.152176,0.152057,79.6169
51659.1,175.49,173.522,-1,-1,24.8276,SEMI_SQUAT,SEMI_SQUAT,SEMI_SQUAT,0.149282,0.191598,79.3859
51757.1,179.616,171.826,-1,-1,25.5224,SEMI_SQUAT,SEMI_SQUAT,SEMI_SQUAT,0.142239,0.183853,77.9787
51855,178.404,179.643,-1,-1,12.7443,SEMI_SQUAT,SEMI_SQUAT,SEMI_SQUAT,0.16081,0.182699,75.749
51959.3,173.287,179.141,-1,-1,3.32172,STANDING,STANDING,STANDING,0.0602025,0.00755912,80.4978
52054.3,173.366,173.159,-1,-1,59.2451,STANDING,STANDING,STANDING,0.0487464,0.089783,76.3904
52157.8,177.894,178.332,-1,-1,45.7603,SEMI_SQUAT,SEMI_SQUAT,SEMI_SQUAT,0.161434,0.101316,79.0401
52253.9,179.178,179.721,-1,179.406,50.3845,SEMI_SQUAT,SEMI_SQUAT,SEMI_SQUAT,0.188083,0.112387,74.9427
52360.6,179.434,178.29,-1,-1,0.639564,STANDING,STANDING,STANDING,0.0867276,0,81.0333
52452.8,179.122,175.892,-1,-1,1.81972,STANDING,STANDING,STANDING,0.0862697,0,74.3333
52556.4,179.016,174.535,-1,-1,2.53473,STANDING,STANDING,STANDING,0,0,77.8825
52658.5,179.234,178.35,-1,-1,0.49444,STANDING,STANDING,STANDING,0,0,79.9298
52759.9,174.713,171.087,-1,-1,2.09697,STANDING,STANDING,STANDING,0,0,81.8367
52857,172.843,171.904,-1,-1,0.545187,STANDING,STANDING,STANDING,0,0,79.0395
52955.2,173.473,172.978,-1,-1,0.285585,STANDING,STANDING,STANDING,0,0,77.1662
53058.7,173.141,171.26,-1,-1,1.09246,STANDING,STANDING,STANDING,0,0,79.3405
53152,179.492,179.584,-1,-1,0.0514185,STANDING,STANDING,STANDING,0,0,73.5387
53254.1,175.933,171.376,-1,-1,2.62461,STANDING,STANDING,STANDING,0,0,75.738
53357.6,166.796,161.576,-1,-1,3.17891,STANDING,STANDING,STANDING,0,0,80.4958
53456.6,155.895,155.314,-1,-1,0.373703,STANDING,STANDING,STANDING,0,0,78.7404
53557.5,171.863,166.944,-1,-1,2.90365,STANDING,STANDING,STANDING,0,0,79.4878
53656.6,163.914,160.84,-1,-1,1.893,STANDING,STANDING,STANDING,0,0,78.7878
53758.7,167.076,159.218,-1,-1,4.81622,STANDING,STANDING,STANDING,0,0,79.9017
53853,159.489,154.505,-1,-1,3.17435,STANDING,STANDING,STANDING,0,0,75.7158
53954.1,175.287,167.343,-1,-1,4.63705,STANDING,STANDING,STANDING,0,0,76.0482
54055.8,176.246,166.396,-1,-1,5.74916,STANDING,STANDING,STANDING,0,0,77.8051
54158.6,178.646,179.808,-1,-1,0.648657,STANDING,STANDING,STANDING,0,0,80.5112
54256,171.458,174.365,-1,-1,1.68104,STANDING,STANDING,STANDING,0,0,78.5659
54357.5,167.118,172.165,-1,-1,2.97548,STANDING,STANDING,STANDING,0,0,79.7729
54456.9,169.122,162.951,-1,-1,3.71647,STANDING,STANDING,STANDING,0,0,78.4381
54555.9,168.246,162.885,-1,-1,3.23787,STANDING,STANDING,STANDING,0,0,77.7488
54655.8,176.601,172.929,-1,-1,2.10109,STANDING,STANDING,STANDING,0,0,77.9043
54758.6,173.925,171.263,-1,-1,1.54254,STANDING,STANDING,STANDING,0.0398508,0,82.4019
54860.3,179.46,174.763,-1,-1,2.65224,STANDING,STANDING,STANDING,0,0,83.7859
54957.4,174.769,168.602,-1,-1,3.59228,STANDING,STANDING,STANDING,0,0,81.5844
55054.8,178.427,170.394,-1,-1,4.60567,STANDING,STANDING,STANDING,0,0,77.6393
55159.5,164.802,165.602,-1,-1,0.484147,STANDING,STANDING,STANDING,0,0,80.9334
55250.7,168.179,167.623,-1,-1,0.331329,STANDING,STANDING,STANDING,0,0,73.4946
55353.8,174.211,170.943,-1,-1,1.89331,STANDING,STANDING,STANDING,0,0,76.4542
55453.2,166.521,167.067,-1,-1,0.32748,STANDING,STANDING,STANDING,0,0,75.789
55558.2,170.029,168.05,-1,-1,199.996,STANDING,STANDING,STANDING,0.10209,0,80.8005
55653.2,168.421,163.545,-1,-1,2.93809,STANDING,STANDING,STANDING,0,0,76.4427
55753,171.717,168.327,-1,-1,1.99409,STANDING,STANDING,STANDING,0,0.040684,75.8169
55860.5,172.367,169.352,-1,-1,1.76471,STANDING,STANDING,STANDING,0.0286943,0,82.1143
55958,164.678,166.378,-1,-1,1.0274,STANDING,STANDING,STANDING,0,0,81.4091
56057.9,166.939,164,-1,-1,1.77591,STANDING,STANDING,STANDING,0.0402069,0,81.4851
56152.5,176.266,173.843,-1,-1,1.38408,STANDING,STANDING,STANDING,0.0100992,0,75.994
56255.6,173.906,168.935,-1,-1,2.90035,STANDING,STANDING,STANDING,0,0,78.4837
56352,170.019,164.128,-1,-1,3.52581,STANDING,STANDING,STANDING,0,0,75.128
56451.6,172.179,170.83,-1,-1,0.786853,STANDING,STANDING,STANDING,0,0,74.653
56557.2,176.477,177.663,-1,-1,0.669769,STANDING,STANDING,STANDING,0.0485783,0,79.2954
56650.1,177.708,178.921,-1,-1,0.680352,STANDING,STANDING,STANDING,0.0179942,0,73.4508
56755.5,173.084,179.24,-1,-1,3.49448,STANDING,STANDING,STANDING,0,0,78.4819
56856,177.079,176.529,-1,-1,30.7791,STANDING,STANDING,STANDING,0.0858812,0.062973,79.1853
56957.3,171.477,171.447,-1,-1,55.7568,STANDING,STANDING,STANDING,0.0827092,0.0466464,80.9709
57052.6,176.378,172.237,-1,-1,18.3623,STANDING,STANDING,STANDING,0.0698144,0.0580727,76.21
57157.7,177.932,172.16,-1,-1,3.2978,STANDING,STANDING,STANDING,0,0.0195693,80.9667
57256.5,176.589,167.179,-1,-1,43.9895,STANDING,STANDING,STANDING,0.0480659,0.0751722,79.588
57351.9,179.626,169.694,-1,-1,16.7535,STANDING,STANDING,STANDING,0.0732587,0.0866544,75.1261
57458.1,176.227,173.169,-1,-1,76.4768,STANDING,STANDING,STANDING,0.0318471,0.0712833,81.4936
57558.5,179.039,161.074,-1,-1,10.5645,STANDING,STANDING,STANDING,0.0382257,0.0528554,83.1002
57652.5,177.686,153.55,-1,-1,64.8146,STANDING,STANDING,STANDING,0.0551301,0.107995,76.9948
57755.3,179.89,154.024,-1,-1,72.7045,SEMI_SQUAT,SEMI_SQUAT,SEMI_SQUAT,0.0657507,0.140859,79.027
57851.6,176.081,164.033,-1,-1,66.8984,SEMI_SQUAT,SEMI_SQUAT,SEMI_SQUAT,0.0695195,0.139403,75.3236
57958.2,171.869,177.744,-1,-1,130.158,STANDING,STANDING,STANDING,0.0348524,0.164758,80.905
58055.5,170.696,179.569,-1,-1,122.643,SEMI_SQUAT,SEMI_SQUAT,SEMI_SQUAT,0.0536928,0.223946,79.3314
58154.3,169.342,174.575,-1,-1,123.063,SEMI_SQUAT,SEMI_SQUAT,SEMI_SQUAT,0.0547894,0.230066,78.1722
58251.4,168.461,178.01,-1,-1,146.866,SEMI_SQUAT,SEMI_SQUAT,SEMI_SQUAT,0.0326219,0.212964,75.4861
58356.7,167.481,179.268,-1,-1,101.84,SEMI_SQUAT,SEMI_SQUAT,SEMI_SQUAT,0.060547,0.186183,80.7562
58449.9,177.756,177.666,-1,-1,115.488,SEMI_SQUAT,SEMI_SQUAT,SEMI_SQUAT,0.0436335,0.162888,74.3506
58551.7,178.412,174.851,-1,-1,39.7042,SEMI_SQUAT,SEMI_SQUAT,SEMI_SQUAT,0.130519,0.195176,75.5259
58654.8,178.635,173.995,-1,-1,14.2133,SEMI_SQUAT,SEMI_SQUAT,SEMI_SQUAT,0.137705,0.158775,77.5876
58751.9,179.83,175.817,-1,-1,27.473,SEMI_SQUAT,SEMI_SQUAT,SEMI_SQUAT,0.0988638,0.13035,75.2707
58852.1,173.127,174.506,-1,-1,57.8994,STANDING,STANDING,STANDING,0.068651,0.124596,76.0942
58950.7,159.085,166.78,-1,-1,4.72297,STANDING,STANDING,STANDING,0,0,74.8029
59055.5,171.329,172.176,-1,-1,164.518,STANDING,STANDING,STANDING,0.0126714,0.130187,79.5539
59156.4,165.594,166.631,-1,-1,0.624295,STANDING,STANDING,STANDING,0,0.0942587,80.553
59253.7,176.207,176.079,-1,-1,0.0730442,STANDING,STANDING,STANDING,0,0.00842065,78.222
59358,163.55,166.978,-1,-1,2.07376,STANDING,STANDING,STANDING,0.00627679,0,81.3802
59454.1,158.063,165.143,-1,-1,4.38089,STANDING,STANDING,STANDING,0.0411866,0,78.8198
59552.7,153.308,163.612,-1,-1,6.50251,STANDING,STANDING,STANDING,0,0,77.0131
59654,156.952,166.465,-1,-1,5.8824,STANDING,STANDING,STANDING,0,0,78.4334
59751.6,140.309,154.738,-1,-1,9.78045,STANDING,STANDING,STANDING,0.00952029,0.0454217,76.4741
59850.9,146.398,156.729,-1,-1,6.81622,STANDING,STANDING,STANDING,0,0.00720423,75.4651
59952.9,168.316,173.834,-1,-1,3.2254,STANDING,STANDING,STANDING,0,0.0105835,77.329
60058,169.132,170.575,-1,-1,0.849571,STANDING,STANDING,STANDING,0,0,81.7782
60154.2,166.798,176.753,-1,-1,5.79504,STANDING,STANDING,STANDING,0.0509703,0.0471212,79.185
60255.8,169.925,172.928,-1,-1,1.75145,STANDING,STANDING,STANDING,0,0.0646299,80.7278
60356.1,174.676,177.665,-1,-1,1.6962,STANDING,STANDING,STANDING,0,0,81.671
60555.2,-1,-1,-1,-1,-1,N/A,N/A,STANDING,0,0,80.0062
60648.2,168.094,177.92,-1,-1,5.67987,STANDING,STANDING,STANDING,0,0,73.3065
60756.9,178.331,176.728,-1,-1,0.902517,STANDING,STANDING,STANDING,0,0,80.76
60854.2,167.044,172.017,-1,-1,2.93332,STANDING,STANDING,STANDING,0,0,79.2154
60956.4,163.946,171.862,-1,-1,4.71458,STANDING,STANDING,STANDING,0,0,81.6612
61053.3,166.101,176.566,-1,-1,6.10743,STANDING,STANDING,STANDING,0,0,78.7964
61154.3,158.866,165.26,-1,-1,3.94522,STANDING,STANDING,STANDING,0,0.00855696,79.4422
61252.9,-1,-1,-1,-1,-1,N/A,N/A,STANDING,0,0,78.4348
61348.5,168.337,178.266,-1,-1,22.6702,STANDING,STANDING,STANDING,0.0661465,0.0830593,73.5874
61453.6,159.861,173.372,-1,-1,8.10907,STANDING,STANDING,STANDING,0,0,77.71
61549.2,155.743,162.351,-1,-1,4.1553,STANDING,STANDING,STANDING,0,0,73.8803
61656.1,167.442,171.715,-1,-1,2.51996,STANDING,STANDING,STANDING,0,0.0242724,81.2952
61747.9,174.217,178.064,-1,-1,2.18366,STANDING,STANDING,STANDING,0.0353304,0.0277431,74.0211
61853.4,174.467,177.055,-1,-1,1.47204,STANDING,STANDING,STANDING,0,0.000257254,78.3711
61956.1,170.406,174.289,-1,-1,2.25336,STANDING,STANDING,STANDING,0.0086723,0.0311071,81.5245
62054.2,158.805,177.742,-1,-1,11.2543,STANDING,STANDING,STANDING,0,0,80.6687
62152.1,161.595,179.564,-1,-1,10.5346,STANDING,STANDING,STANDING,0,0,76.9495
62252.6,169.614,178.093,-1,-1,4.87733,STANDING,STANDING,STANDING,0,0.0386246,77.3696
62349.9,163.128,170.359,-1,-1,4.33665,STANDING,STANDING,STANDING,0,0.0457373,75.3903
62452.5,167.336,170.059,-1,-1,1.61442,STANDING,STANDING,STANDING,0,0.0293396,78.0606
62552,159.406,167.723,-1,-1,5.08468,STANDING,STANDING,STANDING,0,0.0308303,78.0441
62653.5,168.683,173.764,-1,-1,2.96731,STANDING,STANDING,STANDING,0,0,79.1581
62750,166.193,177.951,-1,-1,6.83288,STANDING,STANDING,STANDING,0,0.0226583,75.6031
62853.7,160.958,167.42,-1,-1,3.93618,STANDING,STANDING,STANDING,0,0,78.2663
62950,162.164,165.648,-1,-1,2.12527,STANDING,STANDING,STANDING,0,0.0507821,75.4823
63049.5,162.414,169.538,-1,-1,4.29225,STANDING,STANDING,STANDING,0,0.00741792,75.1547
63155.4,166.014,172.799,-1,-1,4.00493,STANDING,STANDING,STANDING,0,0,81.1187
63248.7,165.766,171.555,-1,-1,3.43253,STANDING,STANDING,STANDING,0,0.014729,75.3801
63349.5,163.795,159.956,-1,-1,19.0641,SEMI_SQUAT,SEMI_SQUAT,SEMI_SQUAT,0.135797,0.164413,75.3052
63454.3,179.859,159.409,-1,-1,14.8474,STANDING,STANDING,STANDING,0.0906547,0.105194,80.205
63555.2,168.605,173.004,-1,-1,2.5758,STANDING,STANDING,STANDING,0,0.0137908,81.3946
63648.6,168.756,173.404,-1,-1,2.71723,STANDING,STANDING,STANDING,0,0,74.7544
63755.6,162.124,174.851,-1,-1,7.55366,STANDING,STANDING,STANDING,0.00939101,0.00534344,81.6293
63848.5,168.945,174.628,-1,-1,3.30827,STANDING,STANDING,STANDING,0,0.0331576,75.4202
63950.1,175.188,172.432,-1,-1,1.5855,STANDING,STANDING,STANDING,0.0275775,0.0107731,76.361
64053,179.33,174.826,-1,-1,2.54341,STANDING,STANDING,STANDING,0.0120801,0,79.219
64153.6,176.457,174.206,-1,-1,77.4006,STANDING,STANDING,STANDING,0.0747783,0.0330483,79.8855
64252.9,178.029,171.191,-1,-1,32.6576,STANDING,STANDING,STANDING,0.0621085,0.0446722,78.3947
64348.5,176.129,173.344,-1,-1,18.4472,STANDING,STANDING,STANDING,0.0742573,0.0617155,74.3227
64455.9,174.501,175.095,-1,-1,54.4579,STANDING,STANDING,STANDING,0.113117,0.0646991,82.2016
64546,171.983,173.119,-1,-1,8.70634,SEMI_SQUAT,SEMI_SQUAT,SEMI_SQUAT,0.112612,0.103217,73.4395
64651.7,179.491,176.585,-1,-1,6.85095,STANDING,STANDING,STANDING,0.0608232,0.065138,78.0624
64750.1,177.326,170.997,-1,-1,41.1485,STANDING,STANDING,STANDING,0.089964,0.0592616,76.5647
64848.7,179.21,172.688,-1,-1,106.489,STANDING,STANDING,STANDING,0.0907915,0.0277001,75.2428
64951,177.927,171.635,-1,-1,82.1512,STANDING,STANDING,STANDING,0.117346,0.0490126,77.8827
65054.5,173.028,174.585,-1,-1,0.89574,STANDING,STANDING,STANDING,0.0777782,0.0138691,81.5328
65147.4,177.354,169.988,-1,-1,71.3192,STANDING,STANDING,STANDING,0.103242,0.0489651,75.9162
65252.4,177.236,172.624,-1,-1,2.63701,STANDING,STANDING,STANDING,0.0484338,0.0456821,78.9292
65349.3,173.182,172.745,-1,-1,0.252608,STANDING,STANDING,STANDING,0.0549976,0.0331559,76.2362
65448.7,175.727,170.944,-1,-1,101.109,STANDING,STANDING,STANDING,0.103984,0.0341499,75.5295
65547.8,179.015,170.73,-1,-1,75.8643,STANDING,STANDING,STANDING,0.125569,0.0565041,74.7073
65649.8,174.968,165.407,-1,-1,119.927,STANDING,STANDING,STANDING,0.134803,0.0337386,76.8494
65749,174.253,168.882,-1,-1,121.494,STANDING,STANDING,STANDING,0.0814178,0.0198809,75.3239
65849.5,179.01,172.453,-1,-1,3.73126,STANDING,STANDING,STANDING,0.0431437,0.0204737,76.2842
65953.8,177.938,174.649,-1,-1,1.86564,STANDING,STANDING,STANDING,0.0529005,0.00342035,80.9452
66048.2,172.136,178.456,-1,-1,88.4261,STANDING,STANDING,STANDING,0.104729,0.0405124,75.9169
66153.5,176.374,175.334,-1,-1,0.591405,STANDING,STANDING,STANDING,0,0,80.7258
66245.9,172.227,166.414,-1,-1,3.43347,STANDING,STANDING,STANDING,0,0,73.9905
66356,172.012,166.93,-1,-1,2.99853,STANDING,STANDING,STANDING,0.044114,0.0182229,82.2394
66445.8,179.834,176.237,-1,-1,2.02089,STANDING,STANDING,STANDING,0,0,73.4602
66550,172.103,169.656,-1,-1,1.43205,STANDING,STANDING,STANDING,0,0,78.0928
66650.7,152.575,149.358,-1,-1,2.13119,STANDING,STANDING,STANDING,0,0,78.7876
66752,169.761,159.161,-1,-1,6.4451,STANDING,STANDING,STANDING,0,0,79.4743
66848.4,171.18,165.236,-1,-1,3.53408,STANDING,STANDING,STANDING,0,0,76.3703
66946.6,171.29,166.431,-1,-1,2.87773,STANDING,STANDING,STANDING,0,0,74.1718
67053.8,169.289,165.069,-1,-1,2.52417,STANDING,STANDING,STANDING,0,0,80.1412
67146,164.154,163.754,-1,-1,0.244051,STANDING,STANDING,STANDING,0,0,73.4718
67250.2,172.442,167.262,-1,-1,3.04945,STANDING,STANDING,STANDING,0,0,77.7304
67351.7,172.945,163.309,-1,-1,5.73149,STANDING,STANDING,STANDING,0,0,79.2611
67449.3,174.243,168.385,-1,-1,3.41958,STANDING,STANDING,STANDING,0,0,76.959
67554.7,176.397,166.914,-1,-1,5.52432,STANDING,STANDING,STANDING,0,0,82.4465
67648.8,172.505,167.083,-1,-1,3.19289,STANDING,STANDING,STANDING,0,0,78.0603
67750.9,167.549,163.029,-1,-1,2.73506,STANDING,STANDING,STANDING,0,0,78.8855
67852.7,170.102,175.2,-1,-1,2.95314,STANDING,STANDING,STANDING,0,0,80.9725
67951.9,171.297,174.02,-1,-1,1.57691,STANDING,STANDING,STANDING,0,0,80.9218
68050.7,176.538,176.183,-1,-1,0.200978,STANDING,STANDING,STANDING,0,0,79.6778
68148.9,171.63,172.764,-1,-1,0.658684,STANDING,STANDING,STANDING,0.00152946,0,78.004
68252.4,167.535,174.658,-1,-1,4.16323,STANDING,STANDING,STANDING,0,0,80.3306
68344.2,165.67,169.225,-1,-1,199.996,STANDING,STANDING,STANDING,0.105687,0,72.8387
68453.1,179.452,171.642,-1,-1,4.44891,STANDING,STANDING,STANDING,0.0358201,0,80.0762
68548.3,172.789,165.411,-1,-1,4.36341,STANDING,STANDING,STANDING,0,0,76.9248
68652.2,177.947,170.509,-1,-1,4.26899,STANDING,STANDING,STANDING,0.0021764,0,80.3972
68744.9,177.932,175.388,-1,-1,1.44024,STANDING,STANDING,STANDING,0,0,73.7477
68851.5,178.534,176.367,-1,-1,1.2208,STANDING,STANDING,STANDING,0.0554856,0.016086,79.655
68954.2,179.418,174.299,-1,-1,2.89448,STANDING,STANDING,STANDING,0,0,82.8283
69045.3,179.623,175.379,-1,-1,2.39116,STANDING,STANDING,STANDING,0,0,74.6693
69152.4,179.559,178.163,-1,-1,0.780901,STANDING,STANDING,STANDING,0,0,79.8132
69246.6,179.564,179.084,-1,-1,0.267721,STANDING,STANDING,STANDING,0,0,75.8675
69351.9,178.168,172.597,-1,-1,3.17642,STANDING,STANDING,STANDING,0,0,80.2518
69446.3,176.984,166.674,-1,-1,6.00006,STANDING,STANDING,STANDING,0,0,75.4706
69548.5,175.44,171.534,-1,-1,2.25131,STANDING,STANDING,STANDING,0,0,78.5272
69647.9,175.999,172.882,-1,-1,1.78696,STANDING,STANDING,STANDING,0,0.0476521,76.4698
69747,178.704,171.841,-1,-1,3.91521,STANDING,STANDING,STANDING,0,0.0749085,75.5518
69853.6,177.919,171.581,-1,-1,3.62676,STANDING,STANDING,STANDING,0,0.096954,81.0492
69947.5,179.481,173.866,-1,-1,3.178,STANDING,STANDING,STANDING,0,0.057487,76.5033
70049.8,179.808,176.705,-1,-1,1.74067,STANDING,STANDING,STANDING,0,0.00751573,79.347
70155,177.694,179.657,-1,-1,1.09878,STANDING,STANDING,STANDING,0,0,84.0984
70282.7,165.325,174.33,-1,-1,5.30231,STANDING,STANDING,STANDING,0,0,78.5128
70383.9,170.52,173.156,-1,-1,1.53395,STANDING,STANDING,STANDING,0,0.0192568,79.4762
70486.2,173.116,172.974,-1,-1,0.0818117,STANDING,STANDING,STANDING,0.00219643,0.0355272,82.4032
70579.8,173.675,175.762,-1,-1,1.19439,STANDING,STANDING,STANDING,0.0316876,0.0445589,76.3478
70685.3,175.377,179.181,-1,-1,2.14578,STANDING,STANDING,STANDING,0,0.0178704,80.9083
70785.2,168.998,173.258,-1,-1,86.9256,STANDING,STANDING,STANDING,0.0319017,0.080952,80.6647
70880.6,161.548,167.047,-1,-1,14.4383,SEMI_SQUAT,SEMI_SQUAT,SEMI_SQUAT,0.111442,0.128784,76.3967
70986,163.993,175.861,-1,-1,6.98432,STANDING,STANDING,STANDING,0,0,81.7862
71086.5,162.652,174.338,-1,-1,6.93542,STANDING,STANDING,STANDING,0,0,83.5268
71177.7,158.525,170.371,-1,-1,35.7566,SEMI_SQUAT,SEMI_SQUAT,SEMI_SQUAT,0.114495,0.164348,74.681
71285.7,177.715,175.87,-1,-1,41.5974,STANDING,STANDING,STANDING,0.0600186,0.0915416,81.6003
71380.8,178.369,178.511,-1,-1,127.328,STANDING,STANDING,STANDING,0.0352679,0.158855,77.8595
71487.9,-1,-1,-1,-1,-1,N/A,N/A,STANDING,0,0,82.9044
71592.2,167.244,-1,-1,-1,-1,STANDING,N/A,STANDING,0,0,88.6888
71715.6,170.272,-1,-1,-1,-1,STANDING,N/A,STANDING,0,0,78.8382
71823,170.406,177.572,-1,-1,4.11866,STANDING,STANDING,STANDING,0,0,85.2155
71948.2,169.406,-1,-1,-1,-1,STANDING,N/A,STANDING,0,0,76.9235
72049.3,166.773,178.144,-1,-1,6.59356,STANDING,STANDING,STANDING,0.0106922,0.0214603,78.3669
72151.5,162.234,173.061,-1,-1,6.45861,STANDING,STANDING,STANDING,0.0700058,0.0151405,81.7099
72251.9,164.265,174.657,-1,-1,126.331,STANDING,STANDING,STANDING,0.0221765,0.0982385,82.5711
72352.6,154.382,147.601,-1,-1,14.0792,SEMI_SQUAT,SEMI_SQUAT,SEMI_SQUAT,0.219161,0.252354,83.461
72449.5,166.007,169.842,-1,-1,2.28395,STANDING,STANDING,STANDING,0,0.0216832,80.3767
72551.7,165.654,164.92,-1,-1,0.444368,STANDING,STANDING,STANDING,0,0,81.6217
72650.6,169.799,173.505,176.349,-1,47.1482,SEMI_SQUAT,SEMI_SQUAT,SEMI_SQUAT,0.0975073,0.157661,80.4289
72746.9,161.748,172.947,-1,-1,47.6248,SEMI_SQUAT,SEMI_SQUAT,SEMI_SQUAT,0.0783521,0.12733,76.7898
72845.8,164.47,171.07,-1,-1,34.8211,SEMI_SQUAT,SEMI_SQUAT,SEMI_SQUAT,0.0991636,0.140973,77.2695
72945.9,172.404,172.263,-1,-1,35.7057,SEMI_SQUAT,SEMI_SQUAT,SEMI_SQUAT,0.103814,0.148938,75.7988
73048.7,174.35,170.648,-1,-1,20.2718,SEMI_SQUAT,SEMI_SQUAT,SEMI_SQUAT,0.139405,0.170853,78.6869
73146,179.133,174.621,-1,-1,2.55099,STANDING,STANDING,STANDING,0.0480421,0.0480768,76.1341
73244.8,175.044,178.416,-1,-1,16.9872,SEMI_SQUAT,SEMI_SQUAT,SEMI_SQUAT,0.101009,0.119761,74.9472
73352.8,179.047,168.357,-1,-1,61.0109,SEMI_SQUAT,SEMI_SQUAT,SEMI_SQUAT,0.0927631,0.174203,81.848
73442.8,173.89,173.994,-1,-1,19.0876,STANDING,STANDING,STANDING,0.0788158,0.0954472,73.5599
73547.6,168.889,173.087,-1,-1,64.2496,SEMI_SQUAT,SEMI_SQUAT,SEMI_SQUAT,0.0779564,0.15175,77.6881
73645.5,175.142,165.98,-1,-1,33.8192,SEMI_SQUAT,SEMI_SQUAT,SEMI_SQUAT,0.126538,0.178042,75.9596
73747.3,169.473,170.064,-1,-1,16.7688,STANDING,STANDING,STANDING,0.102302,0.0864745,77.6207
73845.9,175.774,172.6,-1,-1,1.82177,STANDING,STANDING,STANDING,0.0185292,0,76.139
73943.1,179.172,178.937,-1,-1,0.13116,STANDING,STANDING,STANDING,0,0,74.2312
74050.5,176.689,177.971,-1,-1,0.722799,STANDING,STANDING,STANDING,0.0897335,0,79.6931
74152.5,176.993,175.865,-1,-1,0.639675,STANDING,STANDING,STANDING,0.0268232,0,84.0515
74249.8,175.939,174.765,-1,-1,199.997,STANDING,STANDING,STANDING,0.155115,0,81.4017
74342.3,168.555,179.166,-1,-1,6.10354,STANDING,STANDING,STANDING,0,0,73.2564
74448.3,177.519,174.418,-1,-1,1.76197,STANDING,STANDING,STANDING,0,0,78.877
74550,175.997,178.013,-1,-1,1.13914,STANDING,STANDING,STANDING,0,0,82.2308
74641.2,174.919,179.75,-1,-1,2.72429,STANDING,STANDING,STANDING,0,0,72.816
74750.1,169.425,179.63,-1,-1,5.84711,STANDING,STANDING,STANDING,0,0,79.75
74844.1,-1,-1,-1,-1,-1,N/A,N/A,STANDING,0,0,74.781
74949.5,-1,-1,-1,-1,-1,N/A,N/A,STANDING,0,0,80.1631
75043.3,-1,-1,-1,-1,-1,N/A,N/A,STANDING,0,0,75.6536
75147.3,-1,-1,-1,-1,-1,N/A,N/A,STANDING,0,0,79.8581
75249.3,-1,-1,-1,-1,-1,N/A,N/A,STANDING,0,0,81.3802
75341.3,-1,-1,-1,-1,-1,N/A,N/A,STANDING,0,0,73.4552
75448.1,178.938,-1,-1,-1,-1,STANDING,N/A,STANDING,0,0,79.6218
75544.2,174.893,176.539,-1,-1,0.936979,STANDING,STANDING,STANDING,0,0.026177,74.7838
